[
  {
    "id": "email.food.001",
    "note": "食品/プロテインクッキー — email/friendly（件名/本文テンプレ検証）",
    "input": {
      "productName": "ShopWriter プロテインクッキー",
      "category": "食品",
      "audience": "在宅ワーカー",
      "useCases": ["小腹満たし", "移動中の間食"],
      "benefits": ["たんぱく質配合", "軽い食感", "個包装で便利"],
      "specs": { "たんぱく質_g": 10, "内容量_g_": 120 },
      "bannedPhrases": ["世界一", "No.1", "奇跡"],
      "noClaims": ["医薬効能の示唆を避ける"],
      "tone": "friendly",
      "style": "email",
      "lengthHint": 220,
      "locale": "ja"
    },
    "expect": { "style": "email", "tone": "friendly", "locale": "ja" }
  },
  {
    "id": "email.gadget.002",
    "note": "ガジェット/ワイヤレスイヤホン — email/professional（誇張回避・数値整合）",
    "input": {
      "productName": "Imafic Wireless Ear A2",
      "category": "家電",
      "audience": "通勤ユーザー",
      "useCases": ["電車移動", "歩行中", "在宅作業"],
      "benefits": ["軽量設計", "装着しやすい形状", "日常使いの音質"],
      "specs": { "連続再生_h": 7, "重量_g": 4.5, "充電端子": "USB-C" },
      "bannedPhrases": ["最強", "神音質", "完全無欠"],
      "noClaims": ["未記載の規格を断定しない"],
      "tone": "professional",
      "style": "email",
      "lengthHint": 230,
      "locale": "ja"
    },
    "expect": { "style": "email", "tone": "professional", "locale": "ja" }
  },
  {
    "id": "email.cosme.003",
    "note": "コスメ/保湿ローション — email/neutral（薬機NG回避・やさしい訴求）",
    "input": {
      "productName": "Inovista モイストローション",
      "category": "コスメ",
      "audience": "乾燥が気になる人",
      "useCases": ["朝の支度前", "就寝前"],
      "benefits": ["ベタつきにくい使用感", "無香料", "ポンプ式で使いやすい"],
      "specs": { "内容量_ml_": 150, "無香料": "はい" },
      "bannedPhrases": ["劇的", "完治", "奇跡"],
      "noClaims": ["治療・改善を断定しない"],
      "tone": "neutral",
      "style": "email",
      "lengthHint": 210,
      "locale": "ja"
    },
    "expect": { "style": "email", "tone": "neutral", "locale": "ja" }
  }
]
