[
  {
    "id": "lp.food.001",
    "note": "食品/プロテインバー — lp/friendly（見出し/ベネフィット/仕様テンプレ検証）",
    "input": {
      "productName": "ShopWriter プロテインバー 15g",
      "category": "食品",
      "audience": "忙しいワーカー",
      "useCases": ["残業前の補給", "移動中の間食"],
      "benefits": ["タンパク質15g", "砂糖不使用", "ポケットサイズ"],
      "specs": { "たんぱく質_g": 15, "砂糖不使用": "はい", "重量_g": 45 },
      "tone": "friendly",
      "style": "lp",
      "lengthHint": 240,
      "locale": "ja"
    },
    "expect": { "style": "lp", "tone": "friendly", "locale": "ja" }
  },
  {
    "id": "lp.home.002",
    "note": "ホーム/空気清浄機 — lp/professional（数値/客観情報の整合チェック）",
    "input": {
      "productName": "Imafic Air Clean A1",
      "category": "家電",
      "audience": "在宅ワーカー・子育て世帯",
      "useCases": ["寝室", "子ども部屋", "在宅勤務スペース"],
      "benefits": ["静音設計", "省エネ", "簡単メンテ"],
      "specs": { "適用畳数": 12, "消費電力_W": 23, "騒音_dB": 22 },
      "bannedPhrases": ["世界一", "No.1", "奇跡"],
      "noClaims": ["効果を断定しない", "医薬的表現を避ける"],
      "tone": "professional",
      "style": "lp",
      "lengthHint": 220,
      "locale": "ja"
    },
    "expect": { "style": "lp", "tone": "professional", "locale": "ja" }
  },
  {
    "id": "lp.it.003",
    "note": "IT/ノートPCスタンド — lp/neutral（利用シーン→解決→仕様の流れ）",
    "input": {
      "productName": "Inovista FoldStand S",
      "category": "PCアクセサリ",
      "audience": "長時間PC作業のユーザー",
      "useCases": ["リモート会議", "カフェ作業"],
      "benefits": ["姿勢を保ちやすい設計", "折りたたみ携帯性", "放熱性の確保"],
      "specs": { "重量_g": 290, "角度_deg": 15, "耐荷重_kg": 8 },
      "tone": "neutral",
      "style": "lp",
      "lengthHint": 200,
      "locale": "ja"
    },
    "expect": { "style": "lp", "tone": "neutral", "locale": "ja" }
  }
]
