[
  {
    "id": "food.basic.001",
    "note": "食品/低糖質スナック — product_card/friendly",
    "input": {
      "productName": "ShopWriter 低糖質クッキー",
      "category": "食品",
      "audience": "忙しい在宅ワーカー",
      "useCases": ["小腹満たし", "仕事の合間"],
      "benefits": ["糖質控えめ", "食べ応えあり", "持ち運びやすい"],
      "specs": { "糖質_g_": 8, "内容量_g_": 120 },
      "tone": "friendly",
      "style": "product_card",
      "lengthHint": 120,
      "locale": "ja"
    },
    "expect": {
      "style": "product_card",
      "tone": "friendly",
      "locale": "ja"
    }
  },
  {
    "id": "cosme.basic.002",
    "note": "コスメ/保湿クリーム — product_card/professional（効能表現の回避を確認）",
    "input": {
      "productName": "イノビスタ 保湿クリームN",
      "category": "コスメ",
      "audience": "乾燥が気になるビジネスパーソン",
      "useCases": ["出社前のケア", "就寝前"],
      "benefits": ["ベタつきにくい使用感", "無香料", "ポンプ式で衛生的"],
      "specs": { "内容量_ml_": 80, "無香料": "はい" },
      "noClaims": ["治療・改善を断定しない", "医薬効能の示唆を避ける"],
      "bannedPhrases": ["世界一", "No.1", "奇跡"],
      "tone": "professional",
      "style": "product_card",
      "lengthHint": 140,
      "locale": "ja"
    },
    "expect": {
      "style": "product_card",
      "tone": "professional",
      "locale": "ja"
    }
  },
  {
    "id": "gadgets.basic.003",
    "note": "ガジェット/モバイルバッテリー — product_card/neutral（数値表現の正確性）",
    "input": {
      "productName": "Imafic Compact Charger 10K",
      "category": "家電",
      "audience": "外出の多いユーザー",
      "useCases": ["出張", "通勤", "旅行"],
      "benefits": ["急速対応", "軽量コンパクト", "USB-Cケーブル一体型"],
      "specs": { "容量_mAh": 10000, "出力_W": 20, "重量_g": 185 },
      "tone": "neutral",
      "style": "product_card",
      "lengthHint": 120,
      "locale": "ja"
    },
    "expect": {
      "style": "product_card",
      "tone": "neutral",
      "locale": "ja"
    }
  }
]
