[
  {
    "id": "sns.food.001",
    "note": "食品/オートミールクッキー — sns_short/friendly（短文＋ハッシュタグ検証）",
    "input": {
      "productName": "ShopWriter オートミールクッキー",
      "category": "食品",
      "audience": "間食を見直したい人",
      "useCases": ["在宅ワークの合間", "散歩のお供"],
      "benefits": ["食物繊維入り", "サクっと軽い", "個包装で持ち運び◎"],
      "specs": { "内容量_g_": 120, "個包装": "はい" },
      "bannedPhrases": ["世界一", "No.1", "奇跡"],
      "tone": "friendly",
      "style": "sns_short",
      "lengthHint": 120,
      "locale": "ja"
    },
    "expect": { "style": "sns_short", "tone": "friendly", "locale": "ja" }
  },
  {
    "id": "sns.gadget.002",
    "note": "ガジェット/USB-Cハブ — sns_short/professional（誇張回避・仕様語彙の整合）",
    "input": {
      "productName": "Imafic USB-C Hub 6-in-1",
      "category": "家電",
      "audience": "ノートPCユーザー",
      "useCases": ["出張", "会議"],
      "benefits": ["HDMI出力", "PD給電対応", "軽量設計"],
      "specs": { "HDMI": "4K30", "PD_W": 60, "重量_g": 58 },
      "bannedPhrases": ["最強", "神", "一瞬で"],
      "noClaims": ["性能を断定しない", "未記載の規格を記さない"],
      "tone": "professional",
      "style": "sns_short",
      "lengthHint": 110,
      "locale": "ja"
    },
    "expect": { "style": "sns_short", "tone": "professional", "locale": "ja" }
  },
  {
    "id": "sns.cosme.003",
    "note": "コスメ/UVミルク — sns_short/neutral（薬機NG回避の監視）",
    "input": {
      "productName": "Inovista UVミルク",
      "category": "コスメ",
      "audience": "デイリーケアを簡単に済ませたい人",
      "useCases": ["通勤前", "休日の外出前"],
      "benefits": ["白残りしにくい使用感", "石けんオフ", "普段使いにちょうどいい容量"],
      "specs": { "内容量_ml_": 50, "香料": "不使用" },
      "noClaims": ["治療・改善を断定しない", "SPF/PA値など未入力の数値を記載しない"],
      "bannedPhrases": ["劇的", "完全遮断", "奇跡"],
      "tone": "neutral",
      "style": "sns_short",
      "lengthHint": 100,
      "locale": "ja"
    },
    "expect": { "style": "sns_short", "tone": "neutral", "locale": "ja" }
  }
]
